[
  {
    "AccountId": "672919670016",
    "Arn": "arn:aws:guardduty:us-east-1:672919670016:detector/0acc3fa12d51d8758e1dc827ea9ed477/finding/78cc54a71f2fd199b3883cac41bd34fd",
    "CreatedAt": "2025-08-14T15:58:54.047Z",
    "Description": "The EC2 instance i-074430b354ed7ab1d is performing outbound port scans against remote host 192.168.0.13.",
    "Id": "78cc54a71f2fd199b3883cac41bd34fd",
    "Partition": "aws",
    "Region": "us-east-1",
    "Resource": {
      "InstanceDetails": {
        "AvailabilityZone": "us-east-1a",
        "ImageDescription": "Debian 12 (20250316-2053)",
        "ImageId": "ami-0779caf41f9ba54f0",
        "InstanceId": "i-074430b354ed7ab1d",
        "InstanceState": "running",
        "InstanceType": "t2.micro",
        "LaunchTime": "2025-08-14T14:53:36.000Z",
        "NetworkInterfaces": [
          {
            "Ipv6Addresses": [],
            "NetworkInterfaceId": "eni-02af145410df2cef9",
            "PrivateDnsName": "ip-192-168-0-10.ec2.internal",
            "PrivateIpAddress": "192.168.0.10",
            "PrivateIpAddresses": [
              {
                "PrivateDnsName": "ip-192-168-0-10.ec2.internal",
                "PrivateIpAddress": "192.168.0.10"
              }
            ],
            "PublicDnsName": "ec2-54-86-142-55.compute-1.amazonaws.com",
            "PublicIp": "54.86.142.55",
            "SecurityGroups": [
              {
                "GroupId": "sg-0380deea4935fb7e7",
                "GroupName": "security-project-ec2-sg"
              }
            ],
            "SubnetId": "subnet-0e729edd541850c3f",
            "VpcId": "vpc-0255d215ebf82dd63"
          }
        ],
        "ProductCodes": [],
        "Tags": [
          {
            "Key": "Name",
            "Value": "Attacker-Instance"
          }
        ]
      },
      "ResourceType": "Instance"
    },
    "SchemaVersion": "2.0",
    "Service": {
      "Action": {
        "ActionType": "NETWORK_CONNECTION",
        "NetworkConnectionAction": {
          "Blocked": false,
          "ConnectionDirection": "OUTBOUND",
          "LocalPortDetails": {
            "Port": 51366,
            "PortName": "Unknown"
          },
          "Protocol": "TCP",
          "LocalIpDetails": {
            "IpAddressV4": "192.168.0.10"
          },
          "LocalNetworkInterface": "eni-02af145410df2cef9",
          "RemoteIpDetails": {
            "City": {
              "CityName": "UNKNOWN"
            },
            "Country": {
              "CountryName": "UNKNOWN"
            },
            "GeoLocation": {
              "Lat": 0,
              "Lon": 0
            },
            "IpAddressV4": "192.168.0.13",
            "Organization": {
              "Asn": "0",
              "AsnOrg": "UNKNOWN",
              "Isp": "UNKNOWN",
              "Org": "UNKNOWN"
            }
          },
          "RemotePortDetails": {
            "Port": 514,
            "PortName": "Unknown"
          }
        }
      },
      "Archived": false,
      "Count": 1,
      "DetectorId": "0acc3fa12d51d8758e1dc827ea9ed477",
      "EventFirstSeen": "2025-08-14T15:53:11.000Z",
      "EventLastSeen": "2025-08-14T15:53:40.000Z",
      "ResourceRole": "ACTOR",
      "ServiceName": "guardduty",
      "AdditionalInfo": {
        "Value": "{\"portsScannedSample\":[25,5101,625,5900,1720,445,880,1029,1000,617,808,143,26,4899,777,555,88,481,683,873]}",
        "Type": "default"
      }
    },
    "Severity": 5,
    "Title": "An outbound portscan was detected from EC2 instance i-074430b354ed7ab1d.",
    "Type": "Recon:EC2/Portscan",
    "UpdatedAt": "2025-08-14T15:58:54.047Z"
  }
]