[
  {
    "AccountId": "672919670016",
    "Arn": "arn:aws:guardduty:us-east-1:672919670016:detector/0acc3fa12d51d8758e1dc827ea9ed477/finding/7ccc49a5f94dd77ba282f7abf14cd04b",
    "CreatedAt": "2025-08-10T09:24:44.827Z",
    "Description": "The EC2 instance i-0fbdca40491c58221 is performing outbound port scans against remote host 52.73.7.111.",
    "Id": "7ccc49a5f94dd77ba282f7abf14cd04b",
    "Partition": "aws",
    "Region": "us-east-1",
    "Resource": {
      "InstanceDetails": {
        "AvailabilityZone": "us-east-1a",
        "ImageDescription": "Debian 12 (20250316-2053)",
        "ImageId": "ami-0779caf41f9ba54f0",
        "InstanceId": "i-0fbdca40491c58221",
        "InstanceState": "running",
        "InstanceType": "t2.micro",
        "LaunchTime": "2025-08-10T07:57:05.000Z",
        "NetworkInterfaces": [
          {
            "Ipv6Addresses": [],
            "NetworkInterfaceId": "eni-0bdbd218e90ea2471",
            "PrivateDnsName": "ip-192-168-0-119.ec2.internal",
            "PrivateIpAddress": "192.168.0.119",
            "PrivateIpAddresses": [
              {
                "PrivateDnsName": "ip-192-168-0-119.ec2.internal",
                "PrivateIpAddress": "192.168.0.119"
              }
            ],
            "PublicDnsName": "ec2-18-234-239-222.compute-1.amazonaws.com",
            "PublicIp": "18.234.239.222",
            "SecurityGroups": [
              {
                "GroupId": "sg-0ec4eee69b0ed6223",
                "GroupName": "security-project-ec2-sg"
              }
            ],
            "SubnetId": "subnet-097284f9abf12219c",
            "VpcId": "vpc-09d4ffdba4db0adce"
          }
        ],
        "ProductCodes": [],
        "Tags": [
          {
            "Key": "Name",
            "Value": "Attacker-Instance"
          }
        ]
      },
      "ResourceType": "Instance"
    },
    "SchemaVersion": "2.0",
    "Service": {
      "Action": {
        "ActionType": "NETWORK_CONNECTION",
        "NetworkConnectionAction": {
          "Blocked": false,
          "ConnectionDirection": "OUTBOUND",
          "LocalPortDetails": {
            "Port": 47756,
            "PortName": "Unknown"
          },
          "Protocol": "TCP",
          "LocalIpDetails": {
            "IpAddressV4": "192.168.0.119"
          },
          "LocalNetworkInterface": "eni-0bdbd218e90ea2471",
          "RemoteIpDetails": {
            "City": {
              "CityName": "Ashburn"
            },
            "Country": {
              "CountryName": "United States"
            },
            "GeoLocation": {
              "Lat": 39.0469,
              "Lon": -77.4903
            },
            "IpAddressV4": "52.73.7.111",
            "Organization": {
              "Asn": "14618",
              "AsnOrg": "AMAZON-AES",
              "Isp": "Amazon.com",
              "Org": "Amazon.com"
            }
          },
          "RemotePortDetails": {
            "Port": 254,
            "PortName": "Unknown"
          }
        }
      },
      "Archived": false,
      "Count": 3,
      "DetectorId": "0acc3fa12d51d8758e1dc827ea9ed477",
      "EventFirstSeen": "2025-08-10T09:22:38.000Z",
      "EventLastSeen": "2025-08-10T09:28:47.000Z",
      "ResourceRole": "ACTOR",
      "ServiceName": "guardduty",
      "AdditionalInfo": {
        "Value": "{\"portsScannedSample\":[777,555,88,683,873,340,898,417,37,587,211,646,3389,85,2000,8888,407,21,53,1028]}",
        "Type": "default"
      }
    },
    "Severity": 5,
    "Title": "An outbound portscan was detected from EC2 instance i-0fbdca40491c58221.",
    "Type": "Recon:EC2/Portscan",
    "UpdatedAt": "2025-08-10T09:33:45.637Z"
  }
]